cicid,year,month,origin_country,city_code,city_name,state_code,State
4084316,2016,4,JAPAN,HHW,HONOLULU          ,HI,Hawaii
4422636,2016,4,"MEXICO Air Sea, and Not Reported (I-94, no land arrivals)",MCA,MCALLEN           ,TX,Texas
1195600,2016,4,GERMANY,OGG,KAHULUI - MAUI,FL,Florida
5291768,2016,4,QATAR,LOS,LOS ANGELES       ,CA,California
985523,2016,4,FRANCE,CHM,CHAMPLAIN         ,NY,New York
1481650,2016,4,GUATEMALA,ATL,ATLANTA           ,GA,Georgia (State)
2197173,2016,4,"CHINA, PRC",SFR,SAN FRANCISCO     ,CA,California
232708,2016,4,UNITED KINGDOM,NYC,NEW YORK          ,NY,New York
5227851,2016,4,SWITZERLAND,CHI,CHICAGO           ,IL,Illinois
13213,2016,4,IRELAND,LOS,LOS ANGELES       ,CA,California
1230572,2016,4,AUSTRALIA,LOS,LOS ANGELES       ,CA,California
5056736,2016,4,JAPAN,PHI,PHILADELPHIA      ,HI,Hawaii
4916639,2016,4,PHILIPPINES,LOS,LOS ANGELES       ,CA,California
1387607,2016,4,GERMANY,BOS,BOSTON            ,MA,Massachusetts
1056530,2016,4,BAHAMAS,NAS,"NASSAU, BAHAMAS       ",GA,Georgia (State)
2466971,2016,4,BRAZIL,FTL,FORT LAUDERDALE   ,FL,Florida
4668286,2016,4,RUSSIA,SEA,SEATTLE           ,NV,Nevada
2556646,2016,4,PHILIPPINES,FTL,FORT LAUDERDALE   ,CA,California
4042798,2016,4,ICELAND,ORL,ORLANDO           ,FL,Florida
2139030,2016,4,BRAZIL,PSP,PALM SPRINGS,HI,Hawaii
3097076,2016,4,MARTINIQUE,NYC,NEW YORK          ,NY,New York
2741251,2016,4,ISRAEL,HOU,HOUSTON           ,CA,California
2721962,2016,4,JAPAN,NEW,NEWARK/TETERBORO  ,HI,Hawaii
513779,2016,4,TAIWAN,SFR,SAN FRANCISCO     ,TX,Texas
5070551,2016,4,INDIA,LOS,LOS ANGELES       ,CA,California
2006623,2016,4,UNITED KINGDOM,ORL,ORLANDO           ,FL,Florida
2826530,2016,4,"MEXICO Air Sea, and Not Reported (I-94, no land arrivals)",SNJ,SAN JOSE          ,CA,California
5692439,2016,4,TURKEY,HOU,HOUSTON           ,NV,Nevada
5835717,2016,4,"MEXICO Air Sea, and Not Reported (I-94, no land arrivals)",DET,DETROIT           ,FL,Florida
2752883,2016,4,BERMUDA,DET,DETROIT           ,NY,New York
239999,2016,4,ANGOLA,FTL,FORT LAUDERDALE   ,NY,New York
4805034,2016,4,"MEXICO Air Sea, and Not Reported (I-94, no land arrivals)",HOU,HOUSTON           ,PA,Pennsylvania
216657,2016,4,VENEZUELA,FTL,FORT LAUDERDALE   ,FL,Florida
2495693,2016,4,ITALY,NYC,NEW YORK          ,FL,Florida
2929149,2016,4,INDIA,LVG,LAS VEGAS         ,NC,North Carolina
4462449,2016,4,BRAZIL,ORL,ORLANDO           ,FL,Florida
800571,2016,4,ARGENTINA ,PSP,PALM SPRINGS,FL,Florida
692716,2016,4,"CHINA, PRC",NEW,NEWARK/TETERBORO  ,NJ,New Jersey
5472659,2016,4,JAPAN,NEW,NEWARK/TETERBORO  ,NY,New York
999282,2016,4,SPAIN,MIA,MIAMI             ,FL,Florida
2572618,2016,4,HONDURAS,MIA,MIAMI             ,FL,Florida
4269184,2016,4,NETHERLANDS,NEW,NEWARK/TETERBORO  ,NY,New York
2863583,2016,4,BRAZIL,MIA,MIAMI             ,FL,Florida
4842142,2016,4,BRAZIL,ORL,ORLANDO           ,FL,Florida
2955388,2016,4,AUSTRALIA,VCV,"VANCOUVER, CANADA     ",CA,California
1592228,2016,4,UNITED KINGDOM,DUB,"DUBLIN, IRELAND       ",VT,Vermont
3108700,2016,4,SPAIN,BOS,BOSTON            ,CA,California
5287221,2016,4,PAKISTAN,PEM,PEMBINA           ,IL,Illinois
4455709,2016,4,ARGENTINA ,NYC,NEW YORK          ,NY,New York
36661,2016,4,UNITED KINGDOM,LOS,LOS ANGELES       ,FL,Florida
2655122,2016,4,BRAZIL,LOS,LOS ANGELES       ,CA,California
2873671,2016,4,RUSSIA,NYC,NEW YORK          ,MA,Massachusetts
2053392,2016,4,AUSTRALIA,LOS,LOS ANGELES       ,CA,California
450692,2016,4,NETHERLANDS,NEW,NEWARK/TETERBORO  ,FL,Florida
1840249,2016,4,INDIA,SEA,SEATTLE           ,WA,Washington
4086972,2016,4,JAPAN,SFR,SAN FRANCISCO     ,CA,California
2686134,2016,4,NETHERLANDS,NYC,NEW YORK          ,NY,New York
4299497,2016,4,GERMANY,NYC,NEW YORK          ,NY,New York
3148387,2016,4,JAPAN,TAM,TAMPA             ,CA,California
1787495,2016,4,FRANCE,MIA,MIAMI             ,FL,Florida
2522724,2016,4,GERMANY,NEW,NEWARK/TETERBORO  ,NY,New York
3293058,2016,4,COLOMBIA,MIA,MIAMI             ,FL,Florida
4507487,2016,4,UNITED KINGDOM,ORL,ORLANDO           ,FL,Florida
3599863,2016,4,"MEXICO Air Sea, and Not Reported (I-94, no land arrivals)",HOU,HOUSTON           ,TX,Texas
2351028,2016,4,JAPAN,FTL,FORT LAUDERDALE   ,CA,California
4032526,2016,4,POLAND,BOS,BOSTON            ,MA,Massachusetts
5418580,2016,4,AUSTRIA,SFR,SAN FRANCISCO     ,CA,California
243918,2016,4,SWEDEN,PSP,PALM SPRINGS,IL,Illinois
1186211,2016,4,UNITED KINGDOM,ORL,ORLANDO           ,FL,Florida
4469436,2016,4,PERU,MIA,MIAMI             ,FL,Florida
5234881,2016,4,UNITED KINGDOM,LVG,LAS VEGAS         ,NE,Nebraska
4243216,2016,4,COLOMBIA,NYC,NEW YORK          ,NY,New York
2324901,2016,4,SWITZERLAND,NYC,NEW YORK          ,NY,New York
1435383,2016,4,HONG KONG,BLA,BLAINE            ,NE,Nebraska
2887088,2016,4,FRANCE,MIA,MIAMI             ,FL,Florida
3335777,2016,4,UNITED KINGDOM,LOS,LOS ANGELES       ,CA,California
1860945,2016,4,EGYPT,WAS,WASHINGTON DC         ,VA,Virginia
3371259,2016,4,ISRAEL,KOA,KEAHOLE-KONA      ,TX,Texas
1905596,2016,4,COSTA RICA,TAM,TAMPA             ,FL,Florida
2138291,2016,4,ARGENTINA ,MIA,MIAMI             ,FL,Florida
1636545,2016,4,SOUTH KOREA,SFR,SAN FRANCISCO     ,CA,California
5270355,2016,4,INDIA,DAL,DALLAS            ,TX,Texas
5695448,2016,4,UNITED KINGDOM,WAS,WASHINGTON DC         ,VA,Virginia
5021687,2016,4,IRELAND,SHA,"SHANNON, IRELAND      ",NY,New York
3681899,2016,4,UNITED KINGDOM,SFR,SAN FRANCISCO     ,CA,California
95870,2016,4,HONDURAS,NYC,NEW YORK          ,IL,Illinois
2653900,2016,4,BRAZIL,MIA,MIAMI             ,GA,Georgia (State)
2002746,2016,4,UNITED KINGDOM,NYC,NEW YORK          ,NY,New York
289809,2016,4,"CHINA, PRC",SAI,"SAIPAN, SPN           ",MP,Northern Mariana Islands
4969309,2016,4,"MEXICO Air Sea, and Not Reported (I-94, no land arrivals)",ATL,ATLANTA           ,VA,Virginia
3364934,2016,4,"CHINA, PRC",PSP,PALM SPRINGS,HI,Hawaii
1843262,2016,4,"CHINA, PRC",CHI,CHICAGO           ,IN,Indiana
2027276,2016,4,JAPAN,SFR,SAN FRANCISCO     ,MO,Missouri
650850,2016,4,SWEDEN,ATL,ATLANTA           ,GA,Georgia (State)
2926213,2016,4,JAPAN,SPM,ST PAUL           ,CA,California
2892078,2016,4,ITALY,NIA,NIAGARA FALLS     ,NY,New York
4231176,2016,4,HAITI,NYC,NEW YORK          ,NJ,New Jersey
3172408,2016,4,SOUTH KOREA,PHR,PHARR             ,TX,Texas
5044435,2016,4,UNITED KINGDOM,MIA,MIAMI             ,MI,Michigan
5756066,2016,4,PHILIPPINES,BLA,BLAINE            ,OR,Oregon
1028660,2016,4,JAPAN,MIL,MILWAUKEE         ,CA,California
811826,2016,4,LITHUANIA,OGG,KAHULUI - MAUI,NY,New York
13208,2016,4,IRELAND,LOS,LOS ANGELES       ,CA,California
2295923,2016,4,BRAZIL,FTL,FORT LAUDERDALE   ,FL,Florida
935114,2016,4,"MEXICO Air Sea, and Not Reported (I-94, no land arrivals)",LVG,LAS VEGAS         ,NV,Nevada
5883463,2016,4,ARGENTINA ,MIA,MIAMI             ,FL,Florida
3178503,2016,4,TAIWAN,LOS,LOS ANGELES       ,NV,Nevada
5097572,2016,4,JAMAICA,NYC,NEW YORK          ,NY,New York
680812,2016,4,JAPAN,BOS,BOSTON            ,MA,Massachusetts
5759722,2016,4,TAIWAN,NYC,NEW YORK          ,CA,California
1602004,2016,4,UNITED KINGDOM,NYC,NEW YORK          ,NY,New York
267021,2016,4,GERMANY,BOS,BOSTON            ,MA,Massachusetts
3111179,2016,4,NORWAY,NEW,NEWARK/TETERBORO  ,NY,New York
1643294,2016,4,MALAYSIA,NYC,NEW YORK          ,MN,Minnesota
3502393,2016,4,SWEDEN,MIA,MIAMI             ,FL,Florida
5008746,2016,4,ECUADOR,NYC,NEW YORK          ,NY,New York
1346007,2016,4,RUSSIA,SPM,ST PAUL           ,TX,Texas
4732257,2016,4,"CHINA, PRC",SFR,SAN FRANCISCO     ,CA,California
1093165,2016,4,COSTA RICA,MIA,MIAMI             ,FL,Florida
2720247,2016,4,JAPAN,HHW,HONOLULU          ,HI,Hawaii
3652711,2016,4,ESTONIA,NYC,NEW YORK          ,NY,New York
3845208,2016,4,ITALY,MIA,MIAMI             ,FL,Florida
2514747,2016,4,UNITED KINGDOM,ORL,ORLANDO           ,FL,Florida
3686758,2016,4,GERMANY,NYC,NEW YORK          ,NY,New York
5475279,2016,4,JAPAN,HHW,HONOLULU          ,HI,Hawaii
3147418,2016,4,JAPAN,TAM,TAMPA             ,TX,Texas
4865466,2016,4,NETHERLANDS,SLC,SALT LAKE CITY    ,ID,Idaho
3898468,2016,4,ISRAEL,NYC,NEW YORK          ,NY,New York
3001596,2016,4,GUATEMALA,CLT,CHARLOTTE         ,CA,California
80353,2016,4,PHILIPPINES,CHI,CHICAGO           ,AZ,Arizona
5245089,2016,4,GERMANY,CLT,CHARLOTTE         ,KY,Kentucky
4407381,2016,4,"MEXICO Air Sea, and Not Reported (I-94, no land arrivals)",LVG,LAS VEGAS         ,NV,Nevada
4537062,2016,4,"CHINA, PRC",LOS,LOS ANGELES       ,CA,California
2301889,2016,4,PERU,MIA,MIAMI             ,FL,Florida
1408683,2016,4,"CHINA, PRC",DAL,DALLAS            ,TX,Texas
2161755,2016,4,NETHERLANDS,NYC,NEW YORK          ,NJ,New Jersey
13826,2016,4,ITALY,ATL,ATLANTA           ,SC,South Carolina
660066,2016,4,UNITED KINGDOM,NYC,NEW YORK          ,NY,New York
2369303,2016,4,SOUTH KOREA,SEA,SEATTLE           ,NV,Nevada
873857,2016,4,ISRAEL,SFR,SAN FRANCISCO     ,CA,California
3814096,2016,4,ARGENTINA ,MIA,MIAMI             ,FL,Florida
2914164,2016,4,GERMANY,NEW,NEWARK/TETERBORO  ,IN,Indiana
5133426,2016,4,COSTA RICA,LVG,LAS VEGAS         ,NV,Nevada
4025365,2016,4,COLOMBIA,MIA,MIAMI             ,FL,Florida
4255430,2016,4,FRANCE,NYC,NEW YORK          ,FL,Florida
2943425,2016,4,SOUTH KOREA,LOS,LOS ANGELES       ,CA,California
4709156,2016,4,GERMANY,CLT,CHARLOTTE         ,SC,South Carolina
1006905,2016,4,UNITED KINGDOM,DUB,"DUBLIN, IRELAND       ",MA,Massachusetts
2859612,2016,4,BRAZIL,MIA,MIAMI             ,MS,Mississippi
22388,2016,4,SPAIN,MIA,MIAMI             ,FL,Florida
17786,2016,4,NETHERLANDS,NYC,NEW YORK          ,NE,Nebraska
3529728,2016,4,INDIA,SEA,SEATTLE           ,WA,Washington
4499590,2016,4,SWITZERLAND,LOS,LOS ANGELES       ,CA,California
1999678,2016,4,UNITED KINGDOM,BLA,BLAINE            ,WA,Washington
475483,2016,4,UNITED KINGDOM,LOS,LOS ANGELES       ,CA,California
1389098,2016,4,GERMANY,NYC,NEW YORK          ,NY,New York
5284360,2016,4,SOUTH KOREA,HHW,HONOLULU          ,HI,Hawaii
354216,2016,4,NICARAGUA,HOU,HOUSTON           ,FL,Florida
5500240,2016,4,"CHINA, PRC",LOS,LOS ANGELES       ,CA,California
2870032,2016,4,PERU,FTL,FORT LAUDERDALE   ,MD,Maryland
54324,2016,4,JAPAN,LOS,LOS ANGELES       ,HI,Hawaii
5135218,2016,4,NICARAGUA,MIA,MIAMI             ,CA,California
4406725,2016,4,"MEXICO Air Sea, and Not Reported (I-94, no land arrivals)",HOU,HOUSTON           ,CA,California
2473547,2016,4,COLOMBIA,MIA,MIAMI             ,FL,Florida
688605,2016,4,INDIA,EPI,EASTPORT          ,WA,Washington
1379698,2016,4,UNITED KINGDOM,ORL,ORLANDO           ,FL,Florida
1396100,2016,4,JAPAN,HHW,HONOLULU          ,HI,Hawaii
2711123,2016,4,GERMANY,NEW,NEWARK/TETERBORO  ,CA,California
3636229,2016,4,ARGENTINA ,LOS,LOS ANGELES       ,FL,Florida
2343856,2016,4,BOSNIA-HERZEGOVINA,LVG,LAS VEGAS         ,NV,Nevada
5492918,2016,4,INDIA,PHI,PHILADELPHIA      ,PA,Pennsylvania
4866976,2016,4,PORTUGAL,NEW,NEWARK/TETERBORO  ,NY,New York
3507228,2016,4,UNITED KINGDOM,NYC,NEW YORK          ,NY,New York
4526989,2016,4,JAPAN,CHI,CHICAGO           ,TN,Tennessee
1496112,2016,4,"MEXICO Air Sea, and Not Reported (I-94, no land arrivals)",FTL,FORT LAUDERDALE   ,TX,Texas
5062245,2016,4,JAPAN,LOS,LOS ANGELES       ,CA,California
5016696,2016,4,FRANCE,NYC,NEW YORK          ,NY,New York
3106766,2016,4,NETHERLANDS,MIA,MIAMI             ,FL,Florida
2489526,2016,4,ISRAEL,LOS,LOS ANGELES       ,CA,California
687285,2016,4,SWITZERLAND,NEW,NEWARK/TETERBORO  ,OH,Ohio
4874583,2016,4,UNITED KINGDOM,NYC,NEW YORK          ,NE,Nebraska
512308,2016,4,THAILAND,NYC,NEW YORK          ,CT,Connecticut
4024419,2016,4,COLOMBIA,NYC,NEW YORK          ,NJ,New Jersey
3076465,2016,4,ECUADOR,NYC,NEW YORK          ,CT,Connecticut
3475529,2016,4,BRAZIL,MIA,MIAMI             ,FL,Florida
1217552,2016,4,ISRAEL,NYC,NEW YORK          ,NY,New York
2353538,2016,4,INDIA,ATL,ATLANTA           ,NJ,New Jersey
3554693,2016,4,NEW ZEALAND,BLA,BLAINE            ,WA,Washington
2023436,2016,4,JAPAN,HHW,HONOLULU          ,HI,Hawaii
5032473,2016,4,SPAIN,CHI,CHICAGO           ,IL,Illinois
4912411,2016,4,ISRAEL,SFR,SAN FRANCISCO     ,CA,California
2489005,2016,4,FRANCE,MON,"MONTREAL, CANADA      ",IL,Illinois
1936298,2016,4,"MEXICO Air Sea, and Not Reported (I-94, no land arrivals)",DLR,DEL RIO           ,TX,Texas
997142,2016,4,NORWAY,NEW,NEWARK/TETERBORO  ,NY,New York
864073,2016,4,INDIA,SFR,SAN FRANCISCO     ,CA,California
5644410,2016,4,COLOMBIA,LOS,LOS ANGELES       ,KS,Kansas
5881744,2016,4,SURINAME,MIA,MIAMI             ,FL,Florida
2615091,2016,4,GUATEMALA,MIA,MIAMI             ,FL,Florida
3649436,2016,4,RUSSIA,NYC,NEW YORK          ,NY,New York
25478,2016,4,SWITZERLAND,NYC,NEW YORK          ,NY,New York
1604063,2016,4,UNITED KINGDOM,MIA,MIAMI             ,FL,Florida
5000485,2016,4,ARGENTINA ,MIA,MIAMI             ,FL,Florida
5034128,2016,4,SWEDEN,NYC,NEW YORK          ,NY,New York
2755321,2016,4,AUSTRALIA,LOS,LOS ANGELES       ,CA,California
5136021,2016,4,"MEXICO Air Sea, and Not Reported (I-94, no land arrivals)",MIA,MIAMI             ,FL,Florida
3664296,2016,4,BRAZIL,FTL,FORT LAUDERDALE   ,FL,Florida
276351,2016,4,JAPAN,HHW,HONOLULU          ,HI,Hawaii
4876422,2016,4,UNITED KINGDOM,LOS,LOS ANGELES       ,CA,California
5231114,2016,4,UNITED KINGDOM,WAS,WASHINGTON DC         ,DC,District Of Columbia
3123550,2016,4,UNITED KINGDOM,ORL,ORLANDO           ,FL,Florida
684429,2016,4,JAPAN,NYC,NEW YORK          ,NY,New York
5488331,2016,4,INDIA,NYC,NEW YORK          ,NY,New York
237254,2016,4,LUXEMBOURG,NYC,NEW YORK          ,NY,New York
5278774,2016,4,"CHINA, PRC",SEA,SEATTLE           ,NY,New York
5515091,2016,4,EGYPT,CHI,CHICAGO           ,IA,Iowa
5469766,2016,4,UKRAINE,MIA,MIAMI             ,FL,Florida
5651108,2016,4,COLOMBIA,NYC,NEW YORK          ,NY,New York
5454506,2016,4,UNITED KINGDOM,CLT,CHARLOTTE         ,CA,California
4806300,2016,4,"MEXICO Air Sea, and Not Reported (I-94, no land arrivals)",ORL,ORLANDO           ,FL,Florida
879820,2016,4,TAIWAN,ATL,ATLANTA           ,FL,Florida
834035,2016,4,SWITZERLAND,NEW,NEWARK/TETERBORO  ,PA,Pennsylvania
452796,2016,4,UNITED KINGDOM,NYC,NEW YORK          ,NY,New York
513953,2016,4,TAIWAN,LOS,LOS ANGELES       ,CA,California
3493719,2016,4,IRELAND,DUB,"DUBLIN, IRELAND       ",NY,New York
2209495,2016,4,BANGLADESH,CLT,CHARLOTTE         ,LA,Louisiana
847150,2016,4,UNITED KINGDOM,TAM,TAMPA             ,FL,Florida
2867437,2016,4,COLOMBIA,MIA,MIAMI             ,FL,Florida
4560971,2016,4,AUSTRALIA,SFR,SAN FRANCISCO     ,CA,California
86265,2016,4,EGYPT,KOA,KEAHOLE-KONA      ,FL,Florida
3639514,2016,4,BRAZIL,ORL,ORLANDO           ,NV,Nevada
1147049,2016,4,CHILE,MIA,MIAMI             ,FL,Florida
5092679,2016,4,AUSTRALIA,LOS,LOS ANGELES       ,CA,California
224390,2016,4,FRANCE,DET,DETROIT           ,LA,Louisiana
4879567,2016,4,UNITED KINGDOM,SFR,SAN FRANCISCO     ,CA,California
2175688,2016,4,UNITED KINGDOM,SFB,SANFORD           ,FL,Florida
2920807,2016,4,SINGAPORE,MIA,MIAMI             ,WA,Washington
4459037,2016,4,BRAZIL,ORL,ORLANDO           ,FL,Florida
5901083,2016,4,RUSSIA,NYC,NEW YORK          ,NY,New York
2913751,2016,4,GERMANY,CLT,CHARLOTTE         ,FL,Florida
5899181,2016,4,VENEZUELA,OPF,OPA LOCKA,FL,Florida
2368032,2016,4,SOUTH KOREA,SFR,SAN FRANCISCO     ,HI,Hawaii
4741049,2016,4,SOUTH KOREA,NYC,NEW YORK          ,MA,Massachusetts
235326,2016,4,ITALY,LOS,LOS ANGELES       ,CA,California
235947,2016,4,ITALY,SEA,SEATTLE           ,WA,Washington
2305457,2016,4,BELGIUM,SFR,SAN FRANCISCO     ,CA,California
2323011,2016,4,SWEDEN,NEW,NEWARK/TETERBORO  ,NY,New York
4187631,2016,4,"MEXICO Air Sea, and Not Reported (I-94, no land arrivals)",SNA,SAN ANTONIO       ,CA,California
3898364,2016,4,ISRAEL,NYC,NEW YORK          ,NY,New York
81344,2016,4,THAILAND,FTL,FORT LAUDERDALE   ,TN,Tennessee
1362272,2016,4,BRAZIL,LOS,LOS ANGELES       ,CA,California
4017499,2016,4,BRAZIL,MIA,MIAMI             ,FL,Florida
696029,2016,4,"CHINA, PRC",NYC,NEW YORK          ,CT,Connecticut
510204,2016,4,PAKISTAN,CHI,CHICAGO           ,IL,Illinois
1040289,2016,4,ISRAEL,LOS,LOS ANGELES       ,CA,California
2509310,2016,4,UNITED KINGDOM,DUB,"DUBLIN, IRELAND       ",IL,Illinois
2209111,2016,4,TAIWAN,SFR,SAN FRANCISCO     ,MA,Massachusetts
1347695,2016,4,BULGARIA,CHI,CHICAGO           ,LA,Louisiana
3722852,2016,4,AUSTRALIA,LOS,LOS ANGELES       ,NV,Nevada
2735489,2016,4,"CHINA, PRC",PSP,PALM SPRINGS,CA,California
2051330,2016,4,AUSTRALIA,DAL,DALLAS            ,FL,Florida
1046624,2016,4,THAILAND,LOS,LOS ANGELES       ,TX,Texas
5193362,2016,4,CHILE,PSP,PALM SPRINGS,FL,Florida
5483093,2016,4,JAPAN,LOS,LOS ANGELES       ,NV,Nevada
4319371,2016,4,"CHINA, PRC",LOS,LOS ANGELES       ,CA,California
2573307,2016,4,ANTIGUA-BARBUDA,CLM,COLUMBUS          ,PR,Puerto Rico
4700630,2016,4,UNITED KINGDOM,NYC,NEW YORK          ,NY,New York
3661175,2016,4,IRELAND,LVG,LAS VEGAS         ,FL,Florida
4210478,2016,4,"MEXICO Air Sea, and Not Reported (I-94, no land arrivals)",LOS,LOS ANGELES       ,CA,California
1768810,2016,4,COLOMBIA,LOS,LOS ANGELES       ,CA,California
2751598,2016,4,NIGERIA,LIH,LIHUE             ,NY,New York
3669469,2016,4,PANAMA,WAS,WASHINGTON DC         ,NC,North Carolina
2013603,2016,4,GERMANY,DAL,DALLAS            ,TX,Texas
4490715,2016,4,NETHERLANDS,NYC,NEW YORK          ,NY,New York
3426228,2016,4,NICARAGUA,MIA,MIAMI             ,FL,Florida
559860,2016,4,COSTA RICA,MIA,MIAMI             ,FL,Florida
4167704,2016,4,EL SALVADOR,TAM,TAMPA             ,CA,California
4668071,2016,4,RUSSIA,WAS,WASHINGTON DC         ,VA,Virginia
2903779,2016,4,UNITED KINGDOM,WAS,WASHINGTON DC         ,DC,District Of Columbia
1216269,2016,4,"CHINA, PRC",CHI,CHICAGO           ,NC,North Carolina
4268549,2016,4,NETHERLANDS,DEN,DENVER            ,CO,Colorado
3140598,2016,4,SINGAPORE,PHO,PHOENIX           ,WA,Washington
2938927,2016,4,"CHINA, PRC",NYC,NEW YORK          ,FL,Florida
287911,2016,4,"CHINA, PRC",SAI,"SAIPAN, SPN           ",MP,Northern Mariana Islands
3846710,2016,4,NETHERLANDS,NYC,NEW YORK          ,NY,New York
1540610,2016,4,DOMINICAN REPUBLIC,NYC,NEW YORK          ,NY,New York
1048108,2016,4,KUWAIT,NYC,NEW YORK          ,TX,Texas
2378019,2016,4,AUSTRALIA,HHW,HONOLULU          ,HI,Hawaii
5662583,2016,4,DENMARK,NEW,NEWARK/TETERBORO  ,NY,New York
5826788,2016,4,"MEXICO Air Sea, and Not Reported (I-94, no land arrivals)",POO,PORTLAND          ,NV,Nevada
3859552,2016,4,UNITED KINGDOM,NYC,NEW YORK          ,NV,Nevada
969559,2016,4,ARGENTINA ,MIA,MIAMI             ,FL,Florida
3476890,2016,4,CHILE,NOL,NEW ORLEANS       ,NV,Nevada
1421234,2016,4,THAILAND,MIA,MIAMI             ,NY,New York
48659,2016,4,GERMANY,LVG,LAS VEGAS         ,NV,Nevada
3136802,2016,4,GERMANY,SFR,SAN FRANCISCO     ,WA,Washington
5450392,2016,4,UNITED KINGDOM,FTL,FORT LAUDERDALE   ,FL,Florida
61611,2016,4,INDIA,NYC,NEW YORK          ,TX,Texas
2737342,2016,4,"CHINA, PRC",WPB,WEST PALM BEACH   ,HI,Hawaii
445587,2016,4,ROMANIA,LOS,LOS ANGELES       ,CA,California
1983761,2016,4,FRANCE,NYC,NEW YORK          ,CO,Colorado
45531,2016,4,CZECH REPUBLIC,CHI,CHICAGO           ,IL,Illinois
6019883,2016,4,UNITED KINGDOM,LOS,LOS ANGELES       ,HI,Hawaii
5250382,2016,4,GERMANY,LOS,LOS ANGELES       ,CA,California
2487808,2016,4,FRANCE,MIA,MIAMI             ,AL,Alabama
4498036,2016,4,SWEDEN,WAS,WASHINGTON DC         ,MD,Maryland
2572103,2016,4,CAYMAN ISLANDS,CHI,CHICAGO           ,FL,Florida
1864244,2016,4,AUSTRALIA,LOS,LOS ANGELES       ,CA,California
2326063,2016,4,TURKEY,NYC,NEW YORK          ,NJ,New Jersey
4178297,2016,4,"MEXICO Air Sea, and Not Reported (I-94, no land arrivals)",PHO,PHOENIX           ,TX,Texas
3861001,2016,4,UNITED KINGDOM,LOS,LOS ANGELES       ,NY,New York
4013399,2016,4,GUYANA,NYC,NEW YORK          ,NE,Nebraska
4098212,2016,4,"CHINA, PRC",SFR,SAN FRANCISCO     ,CA,California
4338665,2016,4,MOROCCO,NYC,NEW YORK          ,CA,California
5514177,2016,4,NIGERIA,HOU,HOUSTON           ,TX,Texas
3552753,2016,4,AUSTRALIA,BLA,BLAINE            ,WA,Washington
1782513,2016,4,FRANCE,NYC,NEW YORK          ,NY,New York
1376054,2016,4,UNITED KINGDOM,NYC,NEW YORK          ,NY,New York
5097840,2016,4,JAMAICA,MIA,MIAMI             ,MD,Maryland
3726176,2016,4,BARBADOS,MIA,MIAMI             ,GA,Georgia (State)
1863656,2016,4,AUSTRALIA,LOS,LOS ANGELES       ,AZ,Arizona
1776348,2016,4,BELGIUM,DAL,DALLAS            ,TX,Texas
5696484,2016,4,UNITED KINGDOM,NYC,NEW YORK          ,NE,Nebraska
3813900,2016,4,ARGENTINA ,MIA,MIAMI             ,FL,Florida
229043,2016,4,FRANCE,LOS,LOS ANGELES       ,NV,Nevada
2137931,2016,4,ARGENTINA ,MIA,MIAMI             ,FL,Florida
2908117,2016,4,UNITED KINGDOM,MIA,MIAMI             ,FL,Florida
1803491,2016,4,UNITED KINGDOM,ATL,ATLANTA           ,IL,Illinois
4494327,2016,4,NORWAY,NYC,NEW YORK          ,NY,New York
1143832,2016,4,BRAZIL,MIA,MIAMI             ,MA,Massachusetts
4267184,2016,4,SPAIN,NYC,NEW YORK          ,NY,New York
1026490,2016,4,JAPAN,DET,DETROIT           ,HI,Hawaii
4487041,2016,4,ITALY,LOS,LOS ANGELES       ,CA,California
1339481,2016,4,COLOMBIA,NYC,NEW YORK          ,NY,New York
5693192,2016,4,UNITED KINGDOM,ATL,ATLANTA           ,FL,Florida
3886754,2016,4,INDIA,CHI,CHICAGO           ,IL,Illinois
1002291,2016,4,SWITZERLAND,NEW,NEWARK/TETERBORO  ,NY,New York
1991822,2016,4,NORWAY,NEW,NEWARK/TETERBORO  ,LA,Louisiana
1046737,2016,4,THAILAND,PBB,PEACE BRIDGE      ,CA,California
3085571,2016,4,FRANCE,ATL,ATLANTA           ,CA,California
2011700,2016,4,UNITED KINGDOM,LOS,LOS ANGELES       ,CA,California
1173719,2016,4,SWEDEN,NEW,NEWARK/TETERBORO  ,NY,New York
715185,2016,4,TRINIDAD AND TOBAGO,ORL,ORLANDO           ,FL,Florida
2652805,2016,4,BRAZIL,ATL,ATLANTA           ,FL,Florida
1858517,2016,4,TAIWAN,SFR,SAN FRANCISCO     ,CA,California
5653283,2016,4,ECUADOR,MIA,MIAMI             ,FL,Florida
4697112,2016,4,UNITED KINGDOM,NEW,NEWARK/TETERBORO  ,CA,California
4116633,2016,4,AUSTRALIA,SFR,SAN FRANCISCO     ,CA,California
685207,2016,4,JAPAN,LOS,LOS ANGELES       ,FL,Florida
2053904,2016,4,AUSTRALIA,LOS,LOS ANGELES       ,NY,New York
3886516,2016,4,INDIA,HOU,HOUSTON           ,TX,Texas
5074129,2016,4,"CHINA, PRC",NEW,NEWARK/TETERBORO  ,IN,Indiana
4082575,2016,4,JAPAN,HHW,HONOLULU          ,HI,Hawaii
1851628,2016,4,SOUTH KOREA,HHW,HONOLULU          ,HI,Hawaii
3110964,2016,4,COLOMBIA,FTL,FORT LAUDERDALE   ,FL,Florida
5891340,2016,4,CHILE,MIA,MIAMI             ,FL,Florida
1553590,2016,4,ECUADOR,MIA,MIAMI             ,FL,Florida
1577711,2016,4,SWITZERLAND,NYC,NEW YORK          ,NY,New York
867033,2016,4,CYPRUS,LOS,LOS ANGELES       ,NV,Nevada
2520663,2016,4,UNITED KINGDOM,ORL,ORLANDO           ,FL,Florida
5710005,2016,4,GERMANY,NEW,NEWARK/TETERBORO  ,NY,New York
3542252,2016,4,SOUTH KOREA,HHW,HONOLULU          ,HI,Hawaii
5679004,2016,4,NETHERLANDS,NEW,NEWARK/TETERBORO  ,NY,New York
1649166,2016,4,AUSTRALIA,LOS,LOS ANGELES       ,NJ,New Jersey
2209939,2016,4,UNITED ARAB EMIRATES,NYC,NEW YORK          ,NY,New York
467207,2016,4,UNITED KINGDOM,LOS,LOS ANGELES       ,CA,California
5832309,2016,4,"MEXICO Air Sea, and Not Reported (I-94, no land arrivals)",SFR,SAN FRANCISCO     ,CO,Colorado
5301075,2016,4,BARBADOS,TOR,"TORONTO, CANADA       ",IL,Illinois
3866997,2016,4,UNITED KINGDOM,SFR,SAN FRANCISCO     ,CA,California
211561,2016,4,AUSTRALIA,MIA,MIAMI             ,CA,California
3334127,2016,4,UNITED KINGDOM,NYC,NEW YORK          ,NY,New York
1428778,2016,4,AUSTRALIA,LOS,LOS ANGELES       ,NY,New York
1420768,2016,4,THAILAND,NYC,NEW YORK          ,CA,California
4547068,2016,4,SOUTH KOREA,HHW,HONOLULU          ,HI,Hawaii
3112694,2016,4,SWEDEN,CHI,CHICAGO           ,NV,Nevada
2706307,2016,4,UNITED KINGDOM,SFR,SAN FRANCISCO     ,CA,California
2955651,2016,4,AUSTRALIA,LOS,LOS ANGELES       ,CA,California
626444,2016,4,AUSTRIA,LVG,LAS VEGAS         ,WA,Washington
3442997,2016,4,"MEXICO Air Sea, and Not Reported (I-94, no land arrivals)",ORL,ORLANDO           ,FL,Florida
5660225,2016,4,BELGIUM,NEW,NEWARK/TETERBORO  ,NY,New York
4885133,2016,4,GERMANY,PHI,PHILADELPHIA      ,FL,Florida
5470326,2016,4,INDONESIA,ATL,ATLANTA           ,GA,Georgia (State)
2319989,2016,4,NORWAY,LOS,LOS ANGELES       ,CA,California
2720964,2016,4,JAPAN,CHI,CHICAGO           ,HI,Hawaii
1400880,2016,4,INDIA,NEW,NEWARK/TETERBORO  ,NJ,New Jersey
4038162,2016,4,FRANCE,NYC,NEW YORK          ,NY,New York
2723913,2016,4,JAPAN,ORL,ORLANDO           ,NV,Nevada
3914231,2016,4,BAHAMAS,LVG,LAS VEGAS         ,FL,Florida
982263,2016,4,AUSTRIA,LOS,LOS ANGELES       ,HI,Hawaii
1330915,2016,4,ARGENTINA ,NYC,NEW YORK          ,MA,Massachusetts
4842948,2016,4,BRAZIL,FTL,FORT LAUDERDALE   ,FL,Florida
3765424,2016,4,"MEXICO Air Sea, and Not Reported (I-94, no land arrivals)",BOS,BOSTON            ,MA,Massachusetts
2568615,2016,4,NEW ZEALAND,CHI,CHICAGO           ,CA,California
1624057,2016,4,INDIA,CHI,CHICAGO           ,CA,California
4538779,2016,4,"CHINA, PRC",LOS,LOS ANGELES       ,NJ,New Jersey
1826960,2016,4,JAPAN,DAL,DALLAS            ,NM,New Mexico
2216875,2016,4,JAMAICA,FTL,FORT LAUDERDALE   ,FL,Florida
3859178,2016,4,UNITED KINGDOM,NYC,NEW YORK          ,CT,Connecticut
5760102,2016,4,TAIWAN,SFR,SAN FRANCISCO     ,CA,California
1195419,2016,4,GERMANY,OGG,KAHULUI - MAUI,CA,California
647849,2016,4,BRAZIL,ORL,ORLANDO           ,FL,Florida
4505923,2016,4,UNITED KINGDOM,LVG,LAS VEGAS         ,NV,Nevada
87211,2016,4,AUSTRALIA,CHI,CHICAGO           ,GA,Georgia (State)
3543377,2016,4,SOUTH KOREA,SEA,SEATTLE           ,DC,District Of Columbia
2346741,2016,4,JAPAN,OGG,KAHULUI - MAUI,HI,Hawaii
5500649,2016,4,"CHINA, PRC",CHI,CHICAGO           ,IL,Illinois
3891814,2016,4,"CHINA, PRC",LOS,LOS ANGELES       ,NY,New York
2165928,2016,4,SWEDEN,NEW,NEWARK/TETERBORO  ,NY,New York
1817106,2016,4,CZECH REPUBLIC,DET,DETROIT           ,MI,Michigan
4338296,2016,4,UNITED ARAB EMIRATES,MAA,Abu Dhabi,MA,Massachusetts
701007,2016,4,SOUTH KOREA,LOS,LOS ANGELES       ,CA,California
2683469,2016,4,ITALY,LVG,LAS VEGAS         ,NV,Nevada
4525494,2016,4,JAPAN,HOU,HOUSTON           ,TN,Tennessee
4745361,2016,4,PHILIPPINES,CHI,CHICAGO           ,IL,Illinois
2371488,2016,4,PAKISTAN,MIA,MIAMI             ,IL,Illinois
4916874,2016,4,PHILIPPINES,CHI,CHICAGO           ,DC,District Of Columbia
4800385,2016,4,"MEXICO Air Sea, and Not Reported (I-94, no land arrivals)",ATL,ATLANTA           ,MI,Michigan
2901425,2016,4,TURKEY,LOS,LOS ANGELES       ,CA,California
2378775,2016,4,AUSTRALIA,LOS,LOS ANGELES       ,CA,California
1999393,2016,4,UNITED KINGDOM,ATL,ATLANTA           ,IN,Indiana
1393049,2016,4,KAMPUCHEA,LOS,LOS ANGELES       ,CA,California
3145084,2016,4,JAPAN,SFR,SAN FRANCISCO     ,HI,Hawaii
3172891,2016,4,SOUTH KOREA,SFR,SAN FRANCISCO     ,CA,California
284782,2016,4,INDIA,MIA,MIAMI             ,FL,Florida
4913166,2016,4,SOUTH KOREA,HHW,HONOLULU          ,HI,Hawaii
1181033,2016,4,UNITED KINGDOM,DUB,"DUBLIN, IRELAND       ",NY,New York
3481574,2016,4,VENEZUELA,HOU,HOUSTON           ,NY,New York
3547150,2016,4,TAIWAN,LOS,LOS ANGELES       ,CA,California
4877203,2016,4,UNITED KINGDOM,ORL,ORLANDO           ,FL,Florida
1553520,2016,4,ECUADOR,NYC,NEW YORK          ,NY,New York
2195092,2016,4,INDIA,NYC,NEW YORK          ,NY,New York
3064434,2016,4,ARGENTINA ,ORL,ORLANDO           ,FL,Florida
2147566,2016,4,PERU,MIA,MIAMI             ,FL,Florida
1803405,2016,4,UNITED KINGDOM,ATL,ATLANTA           ,GA,Georgia (State)
4054245,2016,4,PORTUGAL,NEW,NEWARK/TETERBORO  ,NJ,New Jersey
2477529,2016,4,VENEZUELA,MIA,MIAMI             ,FL,Florida
3549552,2016,4,EGYPT,NYC,NEW YORK          ,FL,Florida
2635148,2016,4,"MEXICO Air Sea, and Not Reported (I-94, no land arrivals)",SNJ,SAN JOSE          ,CA,California
5210254,2016,4,HUNGARY,NEW,NEWARK/TETERBORO  ,NY,New York
1422091,2016,4,TAIWAN,WAS,WASHINGTON DC         ,CA,California
5665973,2016,4,FRANCE,NYC,NEW YORK          ,NY,New York
1401034,2016,4,INDIA,NYC,NEW YORK          ,NY,New York
3682251,2016,4,UNITED KINGDOM,TAM,TAMPA             ,FL,Florida
4698239,2016,4,UNITED KINGDOM,WAS,WASHINGTON DC         ,VA,Virginia
2258431,2016,4,"MEXICO Air Sea, and Not Reported (I-94, no land arrivals)",ORL,ORLANDO           ,FL,Florida
3155905,2016,4,INDIA,LOS,LOS ANGELES       ,UT,Utah
641842,2016,4,ITALY,NYC,NEW YORK          ,NY,New York
4406370,2016,4,"MEXICO Air Sea, and Not Reported (I-94, no land arrivals)",FTL,FORT LAUDERDALE   ,FL,Florida
6019750,2016,4,UNITED KINGDOM,LOS,LOS ANGELES       ,NY,New York
4877171,2016,4,UNITED KINGDOM,ORL,ORLANDO           ,FL,Florida
3343735,2016,4,GERMANY,BOS,BOSTON            ,MA,Massachusetts
5206051,2016,4,FRANCE,WAS,WASHINGTON DC         ,MD,Maryland
4702607,2016,4,UNITED KINGDOM,ORL,ORLANDO           ,FL,Florida
4321597,2016,4,"CHINA, PRC",SFR,SAN FRANCISCO     ,CA,California
5342910,2016,4,GUATEMALA,HOU,HOUSTON           ,TX,Texas
4518344,2016,4,GERMANY,SFR,SAN FRANCISCO     ,NV,Nevada
691843,2016,4,UNITED KINGDOM,NYC,NEW YORK          ,NY,New York
2758683,2016,4,NEW ZEALAND,SFR,SAN FRANCISCO     ,CA,California
5415601,2016,4,VENEZUELA,MIA,MIAMI             ,FL,Florida
5472156,2016,4,JAPAN,DAL,DALLAS            ,TX,Texas
5484369,2016,4,JAPAN,CHI,CHICAGO           ,TN,Tennessee
2865828,2016,4,COLOMBIA,NEW,NEWARK/TETERBORO  ,NJ,New Jersey
211301,2016,4,CHILE,MIA,MIAMI             ,FL,Florida
2759806,2016,4,BAHAMAS,NAS,"NASSAU, BAHAMAS       ",FL,Florida
5517803,2016,4,AUSTRALIA,LOS,LOS ANGELES       ,CA,California
19751,2016,4,NORWAY,LOS,LOS ANGELES       ,CA,California
624009,2016,4,VENEZUELA,HOU,HOUSTON           ,TX,Texas
1195982,2016,4,GERMANY,OGG,KAHULUI - MAUI,FL,Florida
1498315,2016,4,"MEXICO Air Sea, and Not Reported (I-94, no land arrivals)",SEA,SEATTLE           ,FL,Florida
4913292,2016,4,SOUTH KOREA,WAS,WASHINGTON DC         ,VA,Virginia
3865265,2016,4,UNITED KINGDOM,MIA,MIAMI             ,FL,Florida
3385048,2016,4,AUSTRALIA,ORL,ORLANDO           ,HI,Hawaii
5698234,2016,4,UNITED KINGDOM,NYC,NEW YORK          ,OH,Ohio
4616564,2016,4,"MEXICO Air Sea, and Not Reported (I-94, no land arrivals)",HOU,HOUSTON           ,FL,Florida
5703109,2016,4,UNITED KINGDOM,PBB,PEACE BRIDGE      ,FL,Florida
2424686,2016,4,"MEXICO Air Sea, and Not Reported (I-94, no land arrivals)",RNO,CANNON INTL - RENO/TAHOE,NV,Nevada
2168671,2016,4,UNITED KINGDOM,ATL,ATLANTA           ,FL,Florida
1170620,2016,4,PORTUGAL,NYC,NEW YORK          ,NY,New York
1351033,2016,4,FRANCE,FMY,FORT MYERS        ,NY,New York
3341644,2016,4,UNITED KINGDOM,DAL,DALLAS            ,TX,Texas
2762951,2016,4,HONDURAS,LOS,LOS ANGELES       ,CA,California
1413332,2016,4,ISRAEL,PHI,PHILADELPHIA      ,CA,California
3530227,2016,4,INDIA,NYC,NEW YORK          ,NY,New York
1020076,2016,4,GERMANY,LVG,LAS VEGAS         ,NY,New York
3253815,2016,4,"MEXICO Air Sea, and Not Reported (I-94, no land arrivals)",LVG,LAS VEGAS         ,NV,Nevada
4866124,2016,4,NORWAY,DET,DETROIT           ,FL,Florida
1636523,2016,4,SOUTH KOREA,SFR,SAN FRANCISCO     ,CA,California
838246,2016,4,UNITED KINGDOM,WAS,WASHINGTON DC         ,DC,District Of Columbia
1960284,2016,4,BRAZIL,NYC,NEW YORK          ,NY,New York
485199,2016,4,JAPAN,DET,DETROIT           ,MI,Michigan
1600731,2016,4,UNITED KINGDOM,SFB,SANFORD           ,FL,Florida
4317940,2016,4,UNITED ARAB EMIRATES,ORL,ORLANDO           ,FL,Florida
3811781,2016,4,DOMINICAN REPUBLIC,MIA,MIAMI             ,FL,Florida
3599914,2016,4,"MEXICO Air Sea, and Not Reported (I-94, no land arrivals)",WAS,WASHINGTON DC         ,MI,Michigan
1434452,2016,4,TRINIDAD AND TOBAGO,MIA,MIAMI             ,NC,North Carolina
494733,2016,4,INDIA,SFR,SAN FRANCISCO     ,CA,California
2038184,2016,4,"CHINA, PRC",SFR,SAN FRANCISCO     ,CA,California
2865787,2016,4,COLOMBIA,DAL,DALLAS            ,NV,Nevada
2107301,2016,4,"MEXICO Air Sea, and Not Reported (I-94, no land arrivals)",MIA,MIAMI             ,GA,Georgia (State)
5688796,2016,4,SWEDEN,LOS,LOS ANGELES       ,NV,Nevada
852513,2016,4,GERMANY,LOS,LOS ANGELES       ,CA,California
5516452,2016,4,AUSTRALIA,HHW,HONOLULU          ,HI,Hawaii
261165,2016,4,UNITED KINGDOM,PHO,PHOENIX           ,FL,Florida
5293311,2016,4,EGYPT,NYC,NEW YORK          ,NY,New York
2902077,2016,4,UNITED KINGDOM,ATL,ATLANTA           ,GA,Georgia (State)
38637,2016,4,UNITED KINGDOM,ORL,ORLANDO           ,FL,Florida
157256,2016,4,"MEXICO Air Sea, and Not Reported (I-94, no land arrivals)",LOS,LOS ANGELES       ,CA,California
1606014,2016,4,GERMANY,DAL,DALLAS            ,TX,Texas
3849271,2016,4,NORWAY,MIA,MIAMI             ,FL,Florida
4718538,2016,4,JAPAN,HHW,HONOLULU          ,HI,Hawaii
4909999,2016,4,"CHINA, PRC",SFR,SAN FRANCISCO     ,CA,California
5428448,2016,4,FRANCE,FTL,FORT LAUDERDALE   ,WA,Washington
2161628,2016,4,NETHERLANDS,HIG,HIGHGATE SPRINGS  ,DC,District Of Columbia
5029772,2016,4,NETHERLANDS,NYC,NEW YORK          ,NE,Nebraska
1564821,2016,4,FRANCE,WAS,WASHINGTON DC         ,MD,Maryland
4337016,2016,4,TAIWAN,LOS,LOS ANGELES       ,GA,Georgia (State)
1977165,2016,4,FRANCE,ATL,ATLANTA           ,VA,Virginia
3174311,2016,4,NEPAL,HOU,HOUSTON           ,TX,Texas
2897919,2016,4,SPAIN,NYC,NEW YORK          ,WA,Washington
2869687,2016,4,CAYMAN ISLANDS,MIA,MIAMI             ,OH,Ohio
5451416,2016,4,UNITED KINGDOM,PHO,PHOENIX           ,NE,Nebraska
630827,2016,4,FRANCE,CHM,CHAMPLAIN         ,NY,New York
2139998,2016,4,BRAZIL,MIA,MIAMI             ,FL,Florida
4030833,2016,4,RUSSIA,NYC,NEW YORK          ,NJ,New Jersey
3380572,2016,4,VIETNAM,LOS,LOS ANGELES       ,FL,Florida
4522231,2016,4,JAPAN,PHO,PHOENIX           ,DC,District Of Columbia
4289482,2016,4,UNITED KINGDOM,LOS,LOS ANGELES       ,CA,California
636324,2016,4,FRANCE,CHI,CHICAGO           ,NC,North Carolina
2048872,2016,4,UNITED ARAB EMIRATES,WAS,WASHINGTON DC         ,DC,District Of Columbia
2933588,2016,4,"CHINA, PRC",FMY,FORT MYERS        ,CA,California
3331441,2016,4,UNITED KINGDOM,NEW,NEWARK/TETERBORO  ,PA,Pennsylvania
2307913,2016,4,FRANCE,BOS,BOSTON            ,MA,Massachusetts
4756602,2016,4,GRENADA,MIA,MIAMI             ,AL,Alabama
3155478,2016,4,INDIA,WAS,WASHINGTON DC         ,DC,District Of Columbia
243257,2016,4,SWEDEN,PHO,PHOENIX           ,NY,New York
862818,2016,4,ITALY,PHI,PHILADELPHIA      ,IN,Indiana
1570667,2016,4,FRANCE,CHI,CHICAGO           ,IL,Illinois
4248046,2016,4,VENEZUELA,MIA,MIAMI             ,CA,California
3300843,2016,4,BELGIUM,NEW,NEWARK/TETERBORO  ,NJ,New Jersey
1036934,2016,4,"CHINA, PRC",ORL,ORLANDO           ,IL,Illinois
5750198,2016,4,IRELAND,DUB,"DUBLIN, IRELAND       ",NY,New York
2906098,2016,4,UNITED KINGDOM,LOS,LOS ANGELES       ,CA,California
4243068,2016,4,COLOMBIA,HOU,HOUSTON           ,NY,New York
5273693,2016,4,"CHINA, PRC",DAL,DALLAS            ,TX,Texas
253555,2016,4,UNITED KINGDOM,FMY,FORT MYERS        ,NY,New York
48878,2016,4,GERMANY,LOS,LOS ANGELES       ,CA,California
509225,2016,4,SOUTH KOREA,WAS,WASHINGTON DC         ,VA,Virginia
3959662,2016,4,GUATEMALA,HOU,HOUSTON           ,MD,Maryland
4236787,2016,4,BRAZIL,MIA,MIAMI             ,NY,New York
5827765,2016,4,"MEXICO Air Sea, and Not Reported (I-94, no land arrivals)",PHO,PHOENIX           ,OK,Oklahoma
471394,2016,4,UNITED KINGDOM,PHI,PHILADELPHIA      ,PA,Pennsylvania
1848870,2016,4,ISRAEL,NEW,NEWARK/TETERBORO  ,NY,New York
2025435,2016,4,JAPAN,NYC,NEW YORK          ,NY,New York
3910822,2016,4,AUSTRALIA,NYC,NEW YORK          ,MA,Massachusetts
3888676,2016,4,INDIA,LOS,LOS ANGELES       ,CA,California
3299598,2016,4,RUSSIA,LOS,LOS ANGELES       ,CA,California
5252852,2016,4,JAPAN,BOS,BOSTON            ,MA,Massachusetts
1809655,2016,4,UNITED KINGDOM,LOS,LOS ANGELES       ,CA,California
5020014,2016,4,FRANCE,MIA,MIAMI             ,IN,Indiana
5655662,2016,4,VENEZUELA,PSP,PALM SPRINGS,FL,Florida
4698964,2016,4,UNITED KINGDOM,NYC,NEW YORK          ,NE,Nebraska
5072687,2016,4,INDIA,HOU,HOUSTON           ,TX,Texas
5133973,2016,4,EL SALVADOR,WAS,WASHINGTON DC         ,VA,Virginia
751810,2016,4,"MEXICO Air Sea, and Not Reported (I-94, no land arrivals)",OAK,OAKLAND ,CA,California
3095246,2016,4,FRANCE,SDP,SAN DIEGO,CA,California
1390539,2016,4,GERMANY,CHI,CHICAGO           ,TN,Tennessee
266409,2016,4,SWITZERLAND,ATL,ATLANTA           ,GA,Georgia (State)
1231815,2016,4,AUSTRALIA,LOS,LOS ANGELES       ,NV,Nevada
499578,2016,4,"CHINA, PRC",SFR,SAN FRANCISCO     ,CA,California
1969525,2016,4,PERU,MIA,MIAMI             ,FL,Florida
5252446,2016,4,SINGAPORE,NYC,NEW YORK          ,NY,New York
54317,2016,4,JAPAN,HHW,HONOLULU          ,HI,Hawaii
45157,2016,4,UNITED KINGDOM,CHI,CHICAGO           ,MA,Massachusetts
5771544,2016,4,JAMAICA,BAL,BALTIMORE         ,MD,Maryland
2292245,2016,4,ARGENTINA ,MIA,MIAMI             ,FL,Florida
1794308,2016,4,NETHERLANDS,MIA,MIAMI             ,FL,Florida
2734662,2016,4,"CHINA, PRC",DAL,DALLAS            ,LA,Louisiana
1346274,2016,4,RUSSIA,WAS,WASHINGTON DC         ,DC,District Of Columbia
3640076,2016,4,BRAZIL,PHO,PHOENIX           ,FL,Florida
1721456,2016,4,"MEXICO Air Sea, and Not Reported (I-94, no land arrivals)",DET,DETROIT           ,MI,Michigan
5653917,2016,4,ECUADOR,CHI,CHICAGO           ,IL,Illinois
1232357,2016,4,AUSTRALIA,SFR,SAN FRANCISCO     ,CA,California
1345803,2016,4,RUSSIA,POO,PORTLAND          ,CT,Connecticut
652881,2016,4,SWITZERLAND,NYC,NEW YORK          ,TX,Texas
2469865,2016,4,BRAZIL,BOS,BOSTON            ,FL,Florida
3115632,2016,4,TURKEY,MIA,MIAMI             ,FL,Florida
4718122,2016,4,JAPAN,HHW,HONOLULU          ,HI,Hawaii
1566033,2016,4,FRANCE,NYC,NEW YORK          ,NY,New York
5886229,2016,4,BRAZIL,FTL,FORT LAUDERDALE   ,FL,Florida
3179870,2016,4,MALAYSIA,SPM,ST PAUL           ,MN,Minnesota
699077,2016,4,SOUTH KOREA,BOS,BOSTON            ,TX,Texas
824863,2016,4,ITALY,NEW,NEWARK/TETERBORO  ,NJ,New Jersey
5678526,2016,4,NETHERLANDS,ATL,ATLANTA           ,FL,Florida
352846,2016,4,COSTA RICA,FTL,FORT LAUDERDALE   ,FL,Florida
298424,2016,4,SINGAPORE,NYC,NEW YORK          ,NY,New York
4851069,2016,4,RUSSIA,NYC,NEW YORK          ,NY,New York
3507607,2016,4,UNITED KINGDOM,NYC,NEW YORK          ,NY,New York
1383491,2016,4,UNITED KINGDOM,SFR,SAN FRANCISCO     ,CA,California
867234,2016,4,HONG KONG,LOS,LOS ANGELES       ,CA,California
5032769,2016,4,SPAIN,NAS,"NASSAU, BAHAMAS       ",FL,Florida
3139866,2016,4,INDONESIA,DEN,DENVER            ,TX,Texas
1334404,2016,4,BRAZIL,MIA,MIAMI             ,CA,California
5640026,2016,4,DOMINICAN REPUBLIC,CHI,CHICAGO           ,NY,New York
2658696,2016,4,COLOMBIA,NYC,NEW YORK          ,NY,New York
5250285,2016,4,GERMANY,DAL,DALLAS            ,TX,Texas
1695849,2016,4,GUATEMALA,ATL,ATLANTA           ,GA,Georgia (State)
3655992,2016,4,FRANCE,NYC,NEW YORK          ,NY,New York
4804280,2016,4,"MEXICO Air Sea, and Not Reported (I-94, no land arrivals)",DAL,DALLAS            ,CA,California
5021720,2016,4,IRELAND,NYC,NEW YORK          ,NY,New York
2907046,2016,4,UNITED KINGDOM,ORL,ORLANDO           ,FL,Florida
32582,2016,4,UNITED KINGDOM,NYC,NEW YORK          ,NE,Nebraska
3656427,2016,4,FRANCE,NYC,NEW YORK          ,NY,New York
1025877,2016,4,JAPAN,ATL,ATLANTA           ,HI,Hawaii
1345422,2016,4,BURMA,OGG,KAHULUI - MAUI,VA,Virginia
2308338,2016,4,FRANCE,NEW,NEWARK/TETERBORO  ,NY,New York
1170649,2016,4,PORTUGAL,LOS,LOS ANGELES       ,CA,California
878052,2016,4,PHILIPPINES,LOS,LOS ANGELES       ,AZ,Arizona
442028,2016,4,FRANCE,NYC,NEW YORK          ,FL,Florida
3517920,2016,4,GERMANY,PHI,PHILADELPHIA      ,CO,Colorado
257403,2016,4,UNITED KINGDOM,ORL,ORLANDO           ,FL,Florida
5516418,2016,4,AUSTRALIA,HHW,HONOLULU          ,HI,Hawaii
4116530,2016,4,AUSTRALIA,SFR,SAN FRANCISCO     ,CA,California
263870,2016,4,UNITED KINGDOM,FMY,FORT MYERS        ,NY,New York
1349112,2016,4,ISRAEL,PHO,PHOENIX           ,NY,New York
2656268,2016,4,BRAZIL,MIA,MIAMI             ,FL,Florida
5064157,2016,4,JAPAN,SEA,SEATTLE           ,WA,Washington
5757922,2016,4,SAUDI ARABIA,MIA,MIAMI             ,FL,Florida
4718060,2016,4,JAPAN,HHW,HONOLULU          ,HI,Hawaii
751451,2016,4,GUATEMALA,OTM,OTAY MESA          ,CA,California
2340245,2016,4,GERMANY,LOS,LOS ANGELES       ,NY,New York
1648938,2016,4,AUSTRALIA,LOS,LOS ANGELES       ,FL,Florida
480428,2016,4,GERMANY,MIA,MIAMI             ,FL,Florida
5827717,2016,4,"MEXICO Air Sea, and Not Reported (I-94, no land arrivals)",PHO,PHOENIX           ,CA,California
56107,2016,4,JAPAN,HHW,HONOLULU          ,HI,Hawaii
3503887,2016,4,TURKEY,NYC,NEW YORK          ,NY,New York
2051443,2016,4,AUSTRALIA,CHI,CHICAGO           ,MO,Missouri
4231640,2016,4,HAITI,NEW,NEWARK/TETERBORO  ,NJ,New Jersey
1870573,2016,4,HONDURAS,MIA,MIAMI             ,NJ,New Jersey
3543194,2016,4,SOUTH KOREA,LOS,LOS ANGELES       ,SC,South Carolina
3106819,2016,4,NETHERLANDS,SFR,SAN FRANCISCO     ,CA,California
1331768,2016,4,ARGENTINA ,LOS,LOS ANGELES       ,CA,California
155381,2016,4,"MEXICO Air Sea, and Not Reported (I-94, no land arrivals)",ATL,ATLANTA           ,CA,California
5011988,2016,4,RUSSIA,NYC,NEW YORK          ,NH,New Hampshire
1053226,2016,4,AUSTRALIA,LOS,LOS ANGELES       ,NV,Nevada
2814946,2016,4,"MEXICO Air Sea, and Not Reported (I-94, no land arrivals)",ONT,ONTARIO,CA,California
840431,2016,4,UNITED KINGDOM,NYC,NEW YORK          ,NY,New York
5020169,2016,4,GREECE,NYC,NEW YORK          ,NY,New York
2330915,2016,4,UNITED KINGDOM,LVG,LAS VEGAS         ,NV,Nevada
2496533,2016,4,NETHERLANDS,NYC,NEW YORK          ,NY,New York
169126,2016,4,"MEXICO Air Sea, and Not Reported (I-94, no land arrivals)",LVG,LAS VEGAS         ,CA,California
3119472,2016,4,UNITED KINGDOM,NYC,NEW YORK          ,NY,New York
1794581,2016,4,NETHERLANDS,POO,PORTLAND          ,WA,Washington
1793960,2016,4,NETHERLANDS,NYC,NEW YORK          ,AZ,Arizona
2293512,2016,4,BRAZIL,NYC,NEW YORK          ,MA,Massachusetts
4903433,2016,4,"CHINA, PRC",MIA,MIAMI             ,TX,Texas
1583343,2016,4,SPAIN,CHI,CHICAGO           ,IL,Illinois
3636527,2016,4,ARGENTINA ,SFR,SAN FRANCISCO     ,FL,Florida
3675104,2016,4,UNITED KINGDOM,WAS,WASHINGTON DC         ,DC,District Of Columbia
2142356,2016,4,BRAZIL,PHI,PHILADELPHIA      ,FL,Florida
3859815,2016,4,UNITED KINGDOM,NYC,NEW YORK          ,NY,New York
2187824,2016,4,JAPAN,HHW,HONOLULU          ,HI,Hawaii
2892590,2016,4,NETHERLANDS,WAS,WASHINGTON DC         ,MD,Maryland
3108923,2016,4,SPAIN,NEW,NEWARK/TETERBORO  ,NY,New York
5835261,2016,4,"MEXICO Air Sea, and Not Reported (I-94, no land arrivals)",ATL,ATLANTA           ,FL,Florida
3135817,2016,4,GERMANY,SEA,SEATTLE           ,FL,Florida
1278563,2016,4,EL SALVADOR,HOU,HOUSTON           ,TX,Texas
1975402,2016,4,DENMARK,DET,DETROIT           ,FL,Florida
823410,2016,4,ICELAND,ORL,ORLANDO           ,FL,Florida
5430874,2016,4,IRELAND,PSP,PALM SPRINGS,NE,Nebraska
4489534,2016,4,NETHERLANDS,NEW,NEWARK/TETERBORO  ,NY,New York
5026709,2016,4,NETHERLANDS,NYC,NEW YORK          ,NY,New York
5441846,2016,4,SPAIN,LVG,LAS VEGAS         ,NY,New York
5687991,2016,4,SWEDEN,NEW,NEWARK/TETERBORO  ,NY,New York
514906,2016,4,MONGOLIA,NYC,NEW YORK          ,MD,Maryland
2327918,2016,4,UNITED KINGDOM,NEW,NEWARK/TETERBORO  ,NY,New York
3838865,2016,4,BRAZIL,NYC,NEW YORK          ,NY,New York
5206668,2016,4,FRANCE,NYC,NEW YORK          ,NY,New York
5285085,2016,4,SOUTH KOREA,NYC,NEW YORK          ,NY,New York
4711317,2016,4,GERMANY,NYC,NEW YORK          ,NY,New York
3434626,2016,4,"MEXICO Air Sea, and Not Reported (I-94, no land arrivals)",CHI,CHICAGO           ,IL,Illinois
682147,2016,4,JAPAN,HHW,HONOLULU          ,HI,Hawaii
3069265,2016,4,BRAZIL,ATL,ATLANTA           ,CA,California
1044320,2016,4,PAKISTAN,NYC,NEW YORK          ,MI,Michigan
3854905,2016,4,SWITZERLAND,MIA,MIAMI             ,FL,Florida
697792,2016,4,ISRAEL,ATL,ATLANTA           ,GA,Georgia (State)
215616,2016,4,PERU,ATL,ATLANTA           ,GA,Georgia (State)
3330175,2016,4,UNITED KINGDOM,BOS,BOSTON            ,MA,Massachusetts
2011996,2016,4,UNITED KINGDOM,SEA,SEATTLE           ,WA,Washington
5471104,2016,4,SINGAPORE,SEA,SEATTLE           ,WA,Washington
2763068,2016,4,HONDURAS,MIA,MIAMI             ,FL,Florida
2948769,2016,4,TAIWAN,MIA,MIAMI             ,CA,California
289649,2016,4,"CHINA, PRC",DET,DETROIT           ,GA,Georgia (State)
813390,2016,4,BELGIUM,PHO,PHOENIX           ,NC,North Carolina
3071228,2016,4,BRAZIL,MIA,MIAMI             ,FL,Florida
2956283,2016,4,NEW ZEALAND,HHW,HONOLULU          ,HI,Hawaii
2882086,2016,4,FRANCE,CHI,CHICAGO           ,NY,New York
1560415,2016,4,BELGIUM,CHI,CHICAGO           ,IL,Illinois
2006895,2016,4,UNITED KINGDOM,ORL,ORLANDO           ,FL,Florida
3697368,2016,4,INDIA,NYC,NEW YORK          ,NC,North Carolina
1964434,2016,4,BRAZIL,MIA,MIAMI             ,FL,Florida
67523,2016,4,"CHINA, PRC",HOU,HOUSTON           ,TX,Texas
3326716,2016,4,SWEDEN,NYC,NEW YORK          ,TN,Tennessee
751491,2016,4,NICARAGUA,ATL,ATLANTA           ,VT,Vermont
5591745,2016,4,"MEXICO Air Sea, and Not Reported (I-94, no land arrivals)",MIA,MIAMI             ,MI,Michigan
2884981,2016,4,FRANCE,SFR,SAN FRANCISCO     ,CA,California
5882487,2016,4,ARGENTINA ,HOU,HOUSTON           ,NY,New York
56519,2016,4,JAPAN,HHW,HONOLULU          ,HI,Hawaii
3017841,2016,4,"MEXICO Air Sea, and Not Reported (I-94, no land arrivals)",LVG,LAS VEGAS         ,LA,Louisiana
5253767,2016,4,JAPAN,SAI,"SAIPAN, SPN           ",MP,Northern Mariana Islands
3291050,2016,4,CHILE,CHI,CHICAGO           ,NY,New York
5643776,2016,4,ARGENTINA ,NYC,NEW YORK          ,FL,Florida
91889,2016,4,NEW ZEALAND,CHI,CHICAGO           ,CA,California
5429441,2016,4,GERMANY,TAM,TAMPA             ,ME,Maine
3652390,2016,4,DENMARK,LOS,LOS ANGELES       ,LA,Louisiana
4899947,2016,4,INDIA,LOS,LOS ANGELES       ,VA,Virginia
1782990,2016,4,FRANCE,NYC,NEW YORK          ,NY,New York
4051263,2016,4,NETHERLANDS,MIA,MIAMI             ,FL,Florida
4106787,2016,4,PAKISTAN,WAS,WASHINGTON DC         ,MA,Massachusetts
4078254,2016,4,GERMANY,CHI,CHICAGO           ,IL,Illinois
2023167,2016,4,JAPAN,HHW,HONOLULU          ,HI,Hawaii
442884,2016,4,FRANCE,SFR,SAN FRANCISCO     ,CA,California
1577932,2016,4,COSTA RICA,FTL,FORT LAUDERDALE   ,NY,New York
4471633,2016,4,LITHUANIA,NYC,NEW YORK          ,NY,New York
2693162,2016,4,SWEDEN,OAK,OAKLAND ,CA,California
5081528,2016,4,SOUTH KOREA,SFR,SAN FRANCISCO     ,AL,Alabama
2673594,2016,4,FRANCE,NYC,NEW YORK          ,NY,New York
1182448,2016,4,UNITED KINGDOM,NYC,NEW YORK          ,NY,New York
712131,2016,4,AUSTRALIA,TOR,"TORONTO, CANADA       ",NY,New York
4749124,2016,4,NIGERIA,HOU,HOUSTON           ,GA,Georgia (State)
4456287,2016,4,ARGENTINA ,MIA,MIAMI             ,FL,Florida
5834016,2016,4,"MEXICO Air Sea, and Not Reported (I-94, no land arrivals)",MIA,MIAMI             ,NV,Nevada
1333584,2016,4,BOLIVIA,MIA,MIAMI             ,MA,Massachusetts
561992,2016,4,"MEXICO Air Sea, and Not Reported (I-94, no land arrivals)",CHI,CHICAGO           ,IL,Illinois
5724253,2016,4,JAPAN,HHW,HONOLULU          ,HI,Hawaii
1344231,2016,4,VENEZUELA,SFR,SAN FRANCISCO     ,TX,Texas
4489316,2016,4,NETHERLANDS,DET,DETROIT           ,FL,Florida
3869924,2016,4,SLOVAKIA,NEW,NEWARK/TETERBORO  ,NJ,New Jersey
4729596,2016,4,HONG KONG,VCV,"VANCOUVER, CANADA     ",CA,California
3900131,2016,4,SOUTH KOREA,HHW,HONOLULU          ,HI,Hawaii
1193133,2016,4,GERMANY,CHI,CHICAGO           ,AL,Alabama
3907700,2016,4,SUDAN,TAM,TAMPA             ,VA,Virginia
5226618,2016,4,SWITZERLAND,NYC,NEW YORK          ,NY,New York
5892575,2016,4,COLOMBIA,ATL,ATLANTA           ,NY,New York
3292986,2016,4,COLOMBIA,MIA,MIAMI             ,FL,Florida
4168875,2016,4,GUATEMALA,ATL,ATLANTA           ,FL,Florida
3162474,2016,4,"CHINA, PRC",LOS,LOS ANGELES       ,CA,California
662899,2016,4,UNITED KINGDOM,LOS,LOS ANGELES       ,CA,California
4525560,2016,4,JAPAN,HOU,HOUSTON           ,TX,Texas
5069811,2016,4,INDIA,BOS,BOSTON            ,MA,Massachusetts
2468972,2016,4,BRAZIL,DAL,DALLAS            ,CA,California
858814,2016,4,JAPAN,HHW,HONOLULU          ,HI,Hawaii
621527,2016,4,ECUADOR,NYC,NEW YORK          ,NJ,New Jersey
2318687,2016,4,NETHERLANDS,LOS,LOS ANGELES       ,FL,Florida
3352680,2016,4,JAPAN,HHW,HONOLULU          ,HI,Hawaii
431930,2016,4,RUSSIA,NYC,NEW YORK          ,MA,Massachusetts
2810765,2016,4,EL SALVADOR,LOS,LOS ANGELES       ,CA,California
5248600,2016,4,GERMANY,CHI,CHICAGO           ,IL,Illinois
3661015,2016,4,IRELAND,SEA,SEATTLE           ,NY,New York
3863510,2016,4,UNITED KINGDOM,LOS,LOS ANGELES       ,CA,California
5418335,2016,4,AUSTRIA,CHI,CHICAGO           ,NV,Nevada
1051236,2016,4,AUSTRALIA,HHW,HONOLULU          ,HI,Hawaii
5295362,2016,4,AUSTRALIA,HOU,HOUSTON           ,LA,Louisiana
2928372,2016,4,INDIA,PHO,PHOENIX           ,NY,New York
5714054,2016,4,GERMANY,PHI,PHILADELPHIA      ,FL,Florida
2486203,2016,4,FRANCE,NYC,NEW YORK          ,NY,New York
5246711,2016,4,GERMANY,NYC,NEW YORK          ,NY,New York
4344944,2016,4,AUSTRALIA,LOS,LOS ANGELES       ,CA,California
628369,2016,4,POLAND,NYC,NEW YORK          ,NJ,New Jersey
1037028,2016,4,"CHINA, PRC",ATL,ATLANTA           ,NV,Nevada
982461,2016,4,UNITED KINGDOM,MIA,MIAMI             ,FL,Florida
4865286,2016,4,NETHERLANDS,SFB,SANFORD           ,FL,Florida
5411783,2016,4,ECUADOR,LOS,LOS ANGELES       ,CA,California
5270782,2016,4,INDIA,NYC,NEW YORK          ,OR,Oregon
4273827,2016,4,NETHERLANDS,TAM,TAMPA             ,FL,Florida
886260,2016,4,AUSTRALIA,SFR,SAN FRANCISCO     ,IL,Illinois
1006956,2016,4,UNITED KINGDOM,DUB,"DUBLIN, IRELAND       ",NY,New York
1214788,2016,4,"CHINA, PRC",POO,PORTLAND          ,NC,North Carolina
2320039,2016,4,NORWAY,LOS,LOS ANGELES       ,CA,California
3837135,2016,4,FRANCE,MIA,MIAMI             ,FL,Florida
1163269,2016,4,HUNGARY,NYC,NEW YORK          ,NY,New York
264030,2016,4,UNITED KINGDOM,FMY,FORT MYERS        ,FL,Florida
5365953,2016,4,"MEXICO Air Sea, and Not Reported (I-94, no land arrivals)",HOU,HOUSTON           ,PA,Pennsylvania
888522,2016,4,BAHAMAS,FTL,FORT LAUDERDALE   ,IN,Indiana
2007033,2016,4,UNITED KINGDOM,ORL,ORLANDO           ,FL,Florida
2884459,2016,4,FRANCE,CHI,CHICAGO           ,IL,Illinois
1366324,2016,4,SPAIN,NEW,NEWARK/TETERBORO  ,NY,New York
1772879,2016,4,VENEZUELA,LLB,JUAREZ-LINCOLN BRIDGE,TX,Texas
18310,2016,4,NETHERLANDS,SEA,SEATTLE           ,CA,California
934333,2016,4,"MEXICO Air Sea, and Not Reported (I-94, no land arrivals)",HOU,HOUSTON           ,CO,Colorado
5402467,2016,4,ARGENTINA ,LOS,LOS ANGELES       ,FL,Florida
2369222,2016,4,SOUTH KOREA,SFR,SAN FRANCISCO     ,CA,California
5714501,2016,4,GERMANY,FMY,FORT MYERS        ,FL,Florida
2876316,2016,4,POLAND,CHI,CHICAGO           ,IL,Illinois
2497179,2016,4,NETHERLANDS,SPM,ST PAUL           ,FL,Florida
1799852,2016,4,SWEDEN,NYC,NEW YORK          ,NY,New York
3083727,2016,4,DENMARK,FTL,FORT LAUDERDALE   ,FL,Florida
5680234,2016,4,NETHERLANDS,NYC,NEW YORK          ,NY,New York
1632631,2016,4,AUSTRALIA,LOS,LOS ANGELES       ,CA,California
594975,2016,4,"MEXICO Air Sea, and Not Reported (I-94, no land arrivals)",LVG,LAS VEGAS         ,AZ,Arizona
3826085,2016,4,PERU,ATL,ATLANTA           ,MN,Minnesota
428602,2016,4,ECUADOR,TAM,TAMPA             ,NY,New York
4753503,2016,4,AUSTRALIA,HHW,HONOLULU          ,HI,Hawaii
34343,2016,4,UNITED KINGDOM,NYC,NEW YORK          ,NY,New York
3835875,2016,4,FRANCE,NYC,NEW YORK          ,NY,New York
2167869,2016,4,TURKEY,BOS,BOSTON            ,NY,New York
3548734,2016,4,MOROCCO,ORL,ORLANDO           ,FL,Florida
642558,2016,4,ITALY,MIA,MIAMI             ,FL,Florida
3652687,2016,4,ESTONIA,FTL,FORT LAUDERDALE   ,FL,Florida
3360046,2016,4,INDIA,NYC,NEW YORK          ,CT,Connecticut
32221,2016,4,UNITED KINGDOM,NYC,NEW YORK          ,FL,Florida
1215382,2016,4,"CHINA, PRC",PHO,PHOENIX           ,CA,California
4511860,2016,4,UNITED KINGDOM,ATL,ATLANTA           ,GA,Georgia (State)
80898,2016,4,SAUDI ARABIA,DET,DETROIT           ,AR,Arkansas
3387259,2016,4,AUSTRALIA,ORL,ORLANDO           ,NY,New York
991350,2016,4,FRANCE,MIA,MIAMI             ,FL,Florida
1040218,2016,4,ISRAEL,NYC,NEW YORK          ,NY,New York
1232307,2016,4,AUSTRALIA,SFR,SAN FRANCISCO     ,CA,California
3425763,2016,4,GUATEMALA,HOU,HOUSTON           ,TX,Texas
2933080,2016,4,HONG KONG,MIA,MIAMI             ,CA,California
5516628,2016,4,AUSTRALIA,HHW,HONOLULU          ,HI,Hawaii
2362315,2016,4,"CHINA, PRC",DAL,DALLAS            ,TX,Texas
5713141,2016,4,GERMANY,MIA,MIAMI             ,FL,Florida
5735642,2016,4,INDIA,CHI,CHICAGO           ,GA,Georgia (State)
5673587,2016,4,IRELAND,DUB,"DUBLIN, IRELAND       ",NY,New York
4882428,2016,4,GERMANY,ATL,ATLANTA           ,AL,Alabama
2546113,2016,4,"CHINA, PRC",PHO,PHOENIX           ,IL,Illinois
5731122,2016,4,INDIA,NYC,NEW YORK          ,MD,Maryland
2709302,2016,4,UNITED KINGDOM,NYC,NEW YORK          ,IL,Illinois
1225506,2016,4,TAIWAN,SFR,SAN FRANCISCO     ,CA,California
435495,2016,4,DENMARK,BOS,BOSTON            ,MA,Massachusetts
5512209,2016,4,TAIWAN,SFR,SAN FRANCISCO     ,CA,California
1364080,2016,4,NETHERLANDS,TOR,"TORONTO, CANADA       ",CA,California
5292921,2016,4,NIGERIA,HOU,HOUSTON           ,TX,Texas
2496521,2016,4,NETHERLANDS,NYC,NEW YORK          ,NY,New York
4739992,2016,4,SOUTH KOREA,HHW,HONOLULU          ,HI,Hawaii
5762766,2016,4,NIGERIA,NYC,NEW YORK          ,NC,North Carolina
5002887,2016,4,BRAZIL,NYC,NEW YORK          ,NY,New York
4541593,2016,4,"CHINA, PRC",NEW,NEWARK/TETERBORO  ,TX,Texas
5707240,2016,4,UNITED KINGDOM,NAS,"NASSAU, BAHAMAS       ",FL,Florida
4043656,2016,4,IRELAND,TAM,TAMPA             ,FL,Florida
2859914,2016,4,BRAZIL,MIA,MIAMI             ,FL,Florida
307397,2016,4,AUSTRALIA,HHW,HONOLULU          ,HI,Hawaii
1760330,2016,4,ARGENTINA ,MIA,MIAMI             ,FL,Florida
3506997,2016,4,UNITED KINGDOM,NYC,NEW YORK          ,NY,New York
3029600,2016,4,"MEXICO Air Sea, and Not Reported (I-94, no land arrivals)",LOS,LOS ANGELES       ,CA,California
873211,2016,4,ISRAEL,WAS,WASHINGTON DC         ,MD,Maryland
4302956,2016,4,GERMANY,NYC,NEW YORK          ,NY,New York
5429364,2016,4,FRANCE,ORL,ORLANDO           ,FL,Florida
252362,2016,4,UNITED KINGDOM,ORL,ORLANDO           ,NE,Nebraska
5743519,2016,4,"CHINA, PRC",NYC,NEW YORK          ,CA,California
3481453,2016,4,VENEZUELA,NCA,"NORTH CAICOS, TURK & CAIMAN",FL,Florida
446046,2016,4,IRELAND,DUB,"DUBLIN, IRELAND       ",NY,New York
2751431,2016,4,KENYA,OGG,KAHULUI - MAUI,PA,Pennsylvania
1211380,2016,4,"CHINA, PRC",LOS,LOS ANGELES       ,CA,California
441018,2016,4,FRANCE,WPB,WEST PALM BEACH   ,NV,Nevada
2825582,2016,4,"MEXICO Air Sea, and Not Reported (I-94, no land arrivals)",MIA,MIAMI             ,FL,Florida
3078710,2016,4,VENEZUELA,MIA,MIAMI             ,FL,Florida
852702,2016,4,GERMANY,DAL,DALLAS            ,CA,California
5724005,2016,4,JAPAN,HHW,HONOLULU          ,HI,Hawaii
1016822,2016,4,CAYMAN ISLANDS,KOA,KEAHOLE-KONA      ,OH,Ohio
2479583,2016,4,AUSTRIA,TAM,TAMPA             ,FL,Florida
3484147,2016,4,AUSTRIA,MIA,MIAMI             ,FL,Florida
2012102,2016,4,CZECH REPUBLIC,BOS,BOSTON            ,MA,Massachusetts
5446642,2016,4,SWITZERLAND,NYC,NEW YORK          ,RI,Rhode Island
1369267,2016,4,SWEDEN,LOS,LOS ANGELES       ,CA,California
5015059,2016,4,DENMARK,CHI,CHICAGO           ,IL,Illinois
5258247,2016,4,JAPAN,HHW,HONOLULU          ,HI,Hawaii
4693164,2016,4,SWEDEN,SFR,SAN FRANCISCO     ,CA,California
3468375,2016,4,HAITI,MIA,MIAMI             ,FL,Florida
5358837,2016,4,"MEXICO Air Sea, and Not Reported (I-94, no land arrivals)",NYC,NEW YORK          ,TX,Texas
5646741,2016,4,BRAZIL,ORL,ORLANDO           ,FL,Florida
3079773,2016,4,LITHUANIA,NYC,NEW YORK          ,NY,New York
2916461,2016,4,GERMANY,MIA,MIAMI             ,FL,Florida
3535501,2016,4,"CHINA, PRC",NEW,NEWARK/TETERBORO  ,PA,Pennsylvania
5433584,2016,4,ITALY,PHO,PHOENIX           ,WA,Washington
2756515,2016,4,AUSTRALIA,SUM,SUMAS             ,CA,California
1984857,2016,4,NORWAY,ATL,ATLANTA           ,FL,Florida
692088,2016,4,HONG KONG,SEA,SEATTLE           ,WA,Washington
3501748,2016,4,SWEDEN,NEW,NEWARK/TETERBORO  ,NY,New York
2557045,2016,4,PHILIPPINES,FTL,FORT LAUDERDALE   ,CA,California
674661,2016,4,GERMANY,NYC,NEW YORK          ,NY,New York
499823,2016,4,"CHINA, PRC",STR,SANTA TERESA      ,CA,California
2536368,2016,4,JAPAN,ORL,ORLANDO           ,TN,Tennessee
1185184,2016,4,UNITED KINGDOM,LOS,LOS ANGELES       ,CA,California
1032729,2016,4,INDIA,PHI,PHILADELPHIA      ,NJ,New Jersey
4687494,2016,4,NETHERLANDS,TOR,"TORONTO, CANADA       ",OH,Ohio
3870400,2016,4,GERMANY,ATL,ATLANTA           ,CA,California
1355619,2016,4,FRANCE,MIA,MIAMI             ,FL,Florida
5018908,2016,4,FRANCE,MON,"MONTREAL, CANADA      ",FL,Florida
1000074,2016,4,ARGENTINA ,DAL,DALLAS            ,CA,California
5746779,2016,4,"CHINA, PRC",PHI,PHILADELPHIA      ,PA,Pennsylvania
3187040,2016,4,NEW ZEALAND,HOU,HOUSTON           ,FL,Florida
2302459,2016,4,VENEZUELA,FTL,FORT LAUDERDALE   ,FL,Florida
1481945,2016,4,GUATEMALA,HOU,HOUSTON           ,PA,Pennsylvania
3133114,2016,4,GERMANY,FTL,FORT LAUDERDALE   ,VA,Virginia
5510883,2016,4,THAILAND,NYC,NEW YORK          ,NY,New York
5518986,2016,4,AUSTRALIA,SFR,SAN FRANCISCO     ,CA,California
306972,2016,4,AUSTRALIA,HHW,HONOLULU          ,HI,Hawaii
1407986,2016,4,"CHINA, PRC",SFR,SAN FRANCISCO     ,CA,California
1360834,2016,4,ITALY,NYC,NEW YORK          ,NY,New York
5242730,2016,4,BERMUDA,HAM,"HAMILTON, BERMUDA     ",MA,Massachusetts
1777652,2016,4,POLAND,CHI,CHICAGO           ,IL,Illinois
3874218,2016,4,GERMANY,SFR,SAN FRANCISCO     ,CA,California
930868,2016,4,"MEXICO Air Sea, and Not Reported (I-94, no land arrivals)",WAS,WASHINGTON DC         ,DC,District Of Columbia
5081809,2016,4,SOUTH KOREA,BOS,BOSTON            ,MI,Michigan
4288772,2016,4,UNITED KINGDOM,LVG,LAS VEGAS         ,NV,Nevada
2947585,2016,4,SAUDI ARABIA,PSP,PALM SPRINGS,HI,Hawaii
2883298,2016,4,FRANCE,MIA,MIAMI             ,FL,Florida
2264857,2016,4,"MEXICO Air Sea, and Not Reported (I-94, no land arrivals)",ATL,ATLANTA           ,WI,Wisconsin
4654865,2016,4,ARGENTINA ,MIA,MIAMI             ,FL,Florida
